Date,BBAS3,BBDC4,ITUB4
2015-01-02,14.799675941467285,9.609151840209961,13.530573844909668
2015-01-05,14.492573738098145,9.6289701461792,13.598573684692383
2015-01-06,14.695137023925781,9.945728302001953,13.818541526794434
2015-01-07,15.342007637023926,10.34097957611084,14.318498611450195
2015-01-08,15.394283294677734,10.394243240356445,14.542468070983887
2015-01-09,14.727803230285645,9.942930221557617,13.906545639038086
2015-01-12,14.472975730895996,9.766326904296875,13.570572853088379
2015-01-13,14.388032913208008,9.797163963317871,13.554571151733398
2015-01-14,14.492573738098145,9.900880813598633,13.646566390991211
2015-01-15,14.401098251342773,9.79996395111084,13.526580810546875
2015-01-16,14.570989608764648,9.895273208618164,13.734562873840332
2015-01-19,14.505645751953125,9.687837600708008,13.238602638244629
2015-01-20,14.440301895141602,9.656998634338379,13.282601356506348
2015-01-21,14.806212425231934,9.892471313476562,13.674555778503418
2015-01-22,14.930363655090332,10.00179386138916,13.742555618286133
2015-01-23,14.891159057617188,9.914898872375488,13.610568046569824
2015-01-26,14.721277236938477,10.074675559997559,13.770551681518555
2015-01-27,15.028372764587402,10.091495513916016,13.718558311462402
2015-01-28,14.381500244140625,9.881258010864258,13.43858528137207
2015-01-29,14.080931663513184,9.746702194213867,13.346592903137207
2015-01-30,13.499405860900879,9.455171585083008,13.158620834350586
2015-02-02,13.198831558227539,9.5532808303833,13.332682609558105
2015-02-03,13.623547554016113,9.90689468383789,13.704805374145508
2015-02-04,14.570989608764648,10.156534194946289,14.208979606628418
2015-02-05,14.891159057617188,9.99384880065918,14.088934898376465
2015-02-06,14.309626579284668,10.035920143127441,14.056929588317871
2015-02-09,14.675533294677734,10.139700889587402,14.144954681396484
2015-02-10,14.18547248840332,9.927704811096191,13.964900970458984
2015-02-11,14.342289924621582,9.66007137298584,13.728824615478516
2015-02-12,15.100241661071777,10.043203353881836,14.089678764343262
2015-02-13,16.073823928833008,10.31083869934082,14.557145118713379
2015-02-18,15.6491117477417,10.42352294921875,14.643258094787598
2015-02-19,15.910470962524414,10.40098762512207,14.639164924621582
2015-02-20,15.721053123474121,10.426350593566895,14.71707534790039
2015-02-23,15.662032127380371,10.527756690979004,14.860595703125
2015-02-24,15.511178970336914,10.64326286315918,15.01641845703125
2015-02-25,15.183243751525879,10.702421188354492,15.053318977355957
2015-02-26,15.09143352508545,10.724960327148438,15.127134323120117
2015-02-27,15.557089805603027,10.592555046081543,14.967212677001953
2015-03-02,15.524298667907715,10.448877334594727,14.899515151977539
2015-03-03,15.498064994812012,10.471626281738281,15.014391899108887
2015-03-04,14.717591285705566,10.254581451416016,14.883109092712402
2015-03-05,14.78317928314209,10.23766803741455,14.751837730407715
2015-03-06,14.429011344909668,10.1136474609375,14.358019828796387
2015-03-09,13.864969253540039,9.823312759399414,13.984704971313477
2015-03-10,13.950231552124023,9.496335983276367,13.435009002685547
2015-03-11,14.173221588134766,9.781030654907227,13.890358924865723
2015-03-12,14.36342716217041,9.60627269744873,13.947796821594238
2015-03-13,14.015811920166016,9.487878799438477,13.878044128417969
2015-03-16,14.015811920166016,9.628826141357422,13.878044128417969
2015-03-17,14.724154472351074,10.006532669067383,14.275976181030273
2015-03-18,15.7669677734375,10.40116024017334,14.706709861755371
2015-03-19,15.065192222595215,10.226394653320312,14.616462707519531
2015-03-20,15.701374053955078,10.384246826171875,14.739521980285645
2015-03-23,15.714499473571777,10.35887622833252,14.645182609558105
2015-03-24,15.679183959960938,10.260218620300293,14.554926872253418
2015-03-25,15.319352149963379,10.265861511230469,14.542621612548828
2015-03-26,14.719642639160156,9.950160026550293,14.1323823928833
2015-03-27,14.766281127929688,9.673925399780273,13.886255264282227
2015-03-30,15.206072807312012,9.876871109008789,14.353921890258789
2015-03-31,15.266043663024902,9.995260238647461,14.485185623168945
2015-04-01,15.839102745056152,10.319978713989258,14.979722023010254
2015-04-02,16.39217185974121,10.427940368652344,15.123370170593262
2015-04-06,16.978559494018555,10.529473304748535,15.30805492401123
2015-04-07,16.445484161376953,10.587006568908691,15.316253662109375
2015-04-08,16.225584030151367,10.583625793457031,15.390130043029785
2015-04-09,15.632535934448242,10.39409351348877,15.082316398620605
2015-04-10,16.19226837158203,10.434704780578613,15.193136215209961
2015-04-13,16.158952713012695,10.461782455444336,15.074116706848145
2015-04-14,16.039003372192383,10.607316017150879,15.074116706848145
2015-04-15,16.678701400756836,10.72239875793457,15.291638374328613
2015-04-16,17.185123443603516,10.725777626037598,15.176722526550293
2015-04-17,16.358858108520508,10.407630920410156,14.983829498291016
2015-04-20,16.27889060974121,10.350093841552734,14.73348331451416
2015-04-22,16.93857192993164,10.434704780578613,15.143887519836426
2015-04-23,17.518299102783203,10.702089309692383,15.554287910461426
2015-04-24,18.118011474609375,10.999931335449219,16.0590877532959
2015-04-27,17.59160041809082,10.793471336364746,15.759490966796875
2015-04-28,17.658235549926758,10.999931335449219,15.919547080993652
2015-04-29,17.325057983398438,10.671634674072266,15.702025413513184
2015-04-30,17.738197326660156,10.891624450683594,15.812853813171387
2015-05-04,17.618253707885742,10.945781707763672,15.99144172668457
2015-05-05,18.104686737060547,10.988868713378906,15.835423469543457
2015-05-06,18.064708709716797,10.7179594039917,15.437171936035156
2015-05-07,18.564472198486328,10.677324295043945,15.498764038085938
2015-05-08,18.65775489807129,10.7179594039917,15.704032897949219
2015-05-11,18.697738647460938,10.684096336364746,15.630142211914062
2015-05-12,18.33124351501465,10.575733184814453,15.560354232788086
2015-05-13,17.991411209106445,10.47075366973877,15.45359992980957
2015-05-14,17.298404693603516,10.711188316345215,15.60550308227539
2015-05-15,17.471656799316406,10.897440910339355,15.897000312805176
2015-05-18,17.351713180541992,10.619755744934082,15.474130630493164
2015-05-19,16.838626861572266,10.524935722351074,15.25653076171875
2015-05-20,16.678701400756836,10.226930618286133,14.98555850982666
2015-05-21,16.412160873413086,10.105021476745605,14.804911613464355
2015-05-22,15.849549293518066,9.820564270019531,14.49288558959961
2015-05-25,16.426509857177734,9.922152519226074,14.546260833740234
2015-05-26,15.985304832458496,9.5665864944458,14.332755088806152
2015-05-27,16.250036239624023,9.915383338928223,14.624260902404785
2015-05-28,15.883484840393066,9.800250053405762,14.451818466186523
2015-05-29,15.435484886169434,9.549654006958008,14.09463882446289
2015-06-01,15.530519485473633,9.492085456848145,13.998111724853516
2015-06-02,15.917426109313965,9.81705093383789,14.310277938842773
2015-06-03,15.340458869934082,9.552729606628418,13.948820114135742
2015-06-05,15.157194137573242,9.349407196044922,13.616118431091309
2015-06-08,15.089310646057129,9.339247703552246,13.55862045288086
2015-06-09,15.28615951538086,9.285024642944336,13.472359657287598
2015-06-10,15.75451946258545,9.623892784118652,13.866677284240723
2015-06-11,15.659490585327148,9.610337257385254,13.780415534973145
2015-06-12,15.466938018798828,9.420568466186523,13.6366605758667
2015-06-15,15.439440727233887,9.383296966552734,13.706482887268066
2015-06-16,15.95500659942627,9.593400955200195,14.19115924835205
2015-06-17,15.501311302185059,9.390071868896484,13.94060230255127
2015-06-18,16.003122329711914,9.742501258850098,14.28563404083252
2015-06-19,15.89313793182373,9.545954704284668,14.125441551208496
2015-06-22,16.195606231689453,9.637447357177734,14.166516304016113
2015-06-23,16.099365234375,9.76363754272461,14.306170463562012
2015-06-24,16.41558265686035,9.825043678283691,14.355449676513672
2015-06-25,16.209346771240234,9.790926933288574,14.10900592803955
2015-06-26,16.84177589416504,9.934211730957031,14.232234001159668
2015-06-29,16.36058807373047,9.668113708496094,14.051502227783203
2015-06-30,16.690542221069336,9.698817253112793,14.055617332458496
2015-07-01,16.477439880371094,9.668113708496094,14.135746955871582
2015-07-02,16.429323196411133,9.865763664245605,14.324775695800781
2015-07-03,16.271211624145508,9.7531099319458,14.180947303771973
2015-07-06,16.394954681396484,9.56193733215332,13.938502311706543
2015-07-07,16.099365234375,9.476597785949707,13.991925239562988
2015-07-08,15.920629501342773,9.329806327819824,13.831666946411133
2015-07-10,16.333086013793945,9.72921085357666,14.250802993774414
2015-07-13,16.429323196411133,9.899898529052734,14.38230037689209
2015-07-14,16.449947357177734,9.961348533630371,14.39216423034668
2015-07-15,16.449947357177734,9.913554191589355,14.143552780151367
2015-07-16,15.9137544631958,9.865763664245605,14.184244155883789
2015-07-17,15.535684585571289,9.83845329284668,14.098346710205078
2015-07-20,15.143854141235352,9.647283554077148,14.012460708618164
2015-07-21,15.12322998046875,9.524388313293457,13.894939422607422
2015-07-22,14.394563674926758,9.40490436553955,13.677972793579102
2015-07-23,14.167716026306152,9.043046951293945,13.108428001403809
2015-07-24,14.030231475830078,9.124980926513672,13.049674034118652
2015-07-27,14.456429481506348,9.251290321350098,13.022553443908691
2015-07-28,14.435808181762695,9.346872329711914,13.262127876281738
2015-07-29,15.075112342834473,9.425392150878906,13.393205642700195
2015-07-30,14.81389045715332,9.183012008666992,13.22596263885498
2015-07-31,15.157590866088867,9.381011009216309,13.596611022949219
2015-08-03,15.2882080078125,8.981595993041992,13.531041145324707
2015-08-04,14.745147705078125,8.899262428283691,13.205416679382324
2015-08-05,14.91700267791748,8.861680030822754,13.182811737060547
2015-08-06,14.504557609558105,8.899262428283691,13.13306713104248
2015-08-07,14.078350067138672,8.649874687194824,12.748659133911133
2015-08-10,14.449554443359375,8.762614250183105,12.915985107421875
2015-08-11,14.62828254699707,8.909510612487793,12.888859748840332
2015-08-12,13.9821138381958,8.502982139587402,12.518023490905762
2015-08-13,13.370306968688965,8.301423072814941,12.227665901184082
2015-08-14,13.267194747924805,8.257010459899902,12.213932037353516
2015-08-17,13.047221183776855,8.116950035095215,12.085698127746582
2015-08-18,13.487170219421387,8.280925750732422,12.287208557128906
2015-08-19,12.655390739440918,8.031543731689453,12.03532600402832
2015-08-20,12.786002159118652,7.987131595611572,12.0628023147583
2015-08-21,12.758502006530762,7.898308277130127,12.090277671813965
2015-08-24,12.419806480407715,7.864146709442139,11.842979431152344
2015-08-25,12.260489463806152,7.724074840545654,11.820076942443848
2015-08-26,12.863125801086426,8.226264953613281,12.53450870513916
2015-08-27,13.32029914855957,8.458568572998047,12.97873592376709
2015-08-28,13.00859260559082,8.188688278198242,12.607780456542969
2015-08-31,12.350539207458496,7.874397277832031,12.158971786499023
2015-09-01,12.031906127929688,7.648923397064209,11.877166748046875
2015-09-02,12.05268669128418,7.788756370544434,12.156682968139648
2015-09-03,12.350539207458496,7.983644008636475,12.619485855102539
2015-09-04,11.803319931030273,7.645153999328613,12.106277465820312
2015-09-08,11.844879150390625,7.8229498863220215,12.23916244506836
2015-09-09,11.87951374053955,7.915263652801514,12.376630783081055
2015-09-10,11.671712875366211,7.744308948516846,12.129193305969238
2015-09-11,11.360005378723145,7.6588311195373535,12.152108192443848
2015-09-14,12.026143074035645,8.000741958618164,12.642396926879883
2015-09-15,12.462689399719238,8.154600143432617,12.954000473022461
2015-09-16,12.582388877868652,8.458903312683105,13.16936206817627
2015-09-17,12.55422306060791,8.434972763061523,13.283910751342773
2015-09-18,11.850117683410645,7.976806163787842,12.761536598205566
2015-09-21,11.46989917755127,7.730630397796631,12.477442741394043
2015-09-22,11.462862014770508,7.761403560638428,12.596574783325195
2015-09-23,11.054475784301758,7.498132228851318,12.097118377685547
2015-09-24,11.075599670410156,7.5870280265808105,12.23458194732666
2015-09-25,10.737628936767578,7.412653923034668,11.936735153198242
2015-09-28,10.202507019042969,7.228023052215576,11.927569389343262
2015-09-29,10.089851379394531,7.183569431304932,11.877166748046875
2015-09-30,10.702422142028809,7.323752403259277,12.147515296936035
2015-10-01,10.498233795166016,7.422911643981934,12.324039459228516
2015-10-02,11.209381103515625,7.703172206878662,12.823781967163086
2015-10-05,11.37836742401123,7.9290337562561035,13.094284057617188
2015-10-06,11.638883590698242,8.004313468933105,13.213502883911133
2015-10-07,12.6246337890625,8.291773796081543,13.589456558227539
2015-10-08,12.441566467285156,8.29862117767334,13.639880180358887
2015-10-09,13.033015251159668,8.209646224975586,13.548189163208008
2015-10-13,11.948692321777344,7.761348724365234,12.823781967163086
2015-10-14,11.836034774780273,7.720281600952148,12.70457649230957
2015-10-15,11.667048454284668,7.6929097175598145,12.493670463562012
2015-10-16,11.462862014770508,7.545756816864014,12.305694580078125
2015-10-19,11.969813346862793,7.535491466522217,12.599122047424316
2015-10-20,11.582555770874023,7.357542514801025,12.34237289428711
2015-10-21,11.72337818145752,7.367805480957031,12.250677108764648
2015-10-22,11.89940357208252,7.477317810058594,12.507429122924805
2015-10-23,11.737460136413574,7.374650955200195,12.424901008605957
2015-10-26,11.505105972290039,7.319897174835205,12.24150562286377
2015-10-27,11.660004615783691,7.350696086883545,12.17273235321045
2015-10-28,11.462862014770508,7.672373294830322,12.255261421203613
2015-10-29,10.913655281066895,7.200125217437744,11.920575141906738
2015-10-30,11.244585037231445,7.186434745788574,12.136056900024414
2015-11-03,12.237374305725098,7.566287994384766,12.918213844299316
2015-11-04,12.28666877746582,7.415236473083496,12.95033073425293
2015-11-05,12.885156631469727,7.617317199707031,13.10629940032959
2015-11-06,12.251457214355469,7.507711887359619,12.909039497375488
2015-11-09,12.082470893859863,7.339883327484131,12.578742980957031
2015-11-10,12.061347961425781,7.3022074699401855,12.656723976135254
2015-11-11,12.152887344360352,7.480312347412109,13.000799179077148
2015-11-12,12.117677688598633,7.476889133453369,13.037485122680664
2015-11-13,12.019103050231934,7.367283344268799,12.675081253051758
2015-11-16,12.181045532226562,7.428934574127197,13.0328950881958
2015-11-17,12.399322509765625,7.706367015838623,13.124652862548828
2015-11-18,12.490857124328613,7.7680158615112305,13.09253978729248
2015-11-19,13.187918663024902,8.014618873596191,13.450359344482422
2015-11-23,13.0752592086792,7.9358415603637695,13.445767402648926
2015-11-24,13.217964172363281,7.881039619445801,13.464118957519531
2015-11-25,12.365190505981445,7.497437477111816,12.803528785705566
2015-11-26,12.684985160827637,7.6618428230285645,12.991613388061523
2015-11-27,12.287017822265625,7.380983352661133,12.647555351257324
2015-11-30,11.57637882232666,7.233710765838623,12.74848461151123
2015-12-01,11.57637882232666,7.192606449127197,12.847163200378418
2015-12-02,11.668763160705566,7.188826084136963,12.438661575317383
2015-12-03,12.649453163146973,7.5042195320129395,13.228127479553223
2015-12-04,12.30833911895752,7.401374816894531,12.934367179870605
2015-12-07,12.258596420288086,7.325954437255859,12.837987899780273
2015-12-08,12.137784004211426,7.164831638336182,12.691109657287598
2015-12-09,13.360093116760254,7.524786472320557,13.379594802856445
2015-12-10,12.791576385498047,7.1991119384765625,13.314414978027344
2015-12-11,12.542851448059082,7.137409687042236,13.314414978027344
2015-12-14,12.011911392211914,7.010563373565674,13.000039100646973
2015-12-15,12.098535537719727,7.120265960693359,13.083255767822266
2015-12-16,11.910852432250977,7.181973457336426,12.995409965515137
2015-12-17,11.831440925598145,7.3371734619140625,13.217329978942871
2015-12-18,11.513819694519043,7.019251346588135,12.449893951416016
2015-12-21,10.763077735900879,6.815639972686768,12.218743324279785
2015-12-22,10.828042030334473,6.876369476318359,12.297335624694824
2015-12-23,10.719765663146973,6.929947376251221,12.251106262207031
2015-12-28,10.813607215881348,6.9978179931640625,12.204874038696289
2015-12-29,10.683670997619629,7.033544063568115,12.214118957519531
2015-12-30,10.640357971191406,6.887085437774658,12.17251205444336
2016-01-04,10.279422760009766,6.787065029144287,11.624366760253906
2016-01-05,10.315518379211426,6.811728477478027,11.721506118774414
2016-01-06,10.315518379211426,6.715183258056641,11.675250053405762
2016-01-07,10.07007884979248,6.579308032989502,11.453216552734375
2016-01-08,10.07007884979248,6.450582981109619,11.457843780517578
2016-01-11,9.781332015991211,6.268218040466309,11.323699951171875
2016-01-12,9.442051887512207,6.232460021972656,11.374581336975098
2016-01-13,9.268807411193848,6.143070220947266,11.198802947998047
2016-01-14,9.788551330566406,6.329007148742676,11.360706329345703
2016-01-15,9.413179397583008,6.168102264404297,11.064661026000977
2016-01-18,9.355429649353027,6.1144609451293945,10.935136795043945
2016-01-19,9.268807411193848,6.1573710441589355,10.82412052154541
2016-01-20,9.182184219360352,6.171675682067871,10.671473503112793
2016-01-21,9.174962997436523,6.082283020019531,10.694604873657227
2016-01-22,9.384306907653809,6.207432270050049,10.796368598937988
2016-01-26,9.304900169372559,6.135918140411377,10.912005424499512
2016-01-27,9.167745590209961,6.2110090255737305,10.953644752502441
2016-01-28,9.369865417480469,6.221735000610352,11.027654647827148
2016-01-29,9.997892379760742,6.489915370941162,11.541108131408691
2016-02-01,10.22167682647705,6.657970905303955,11.788728713989258
2016-02-02,9.456491470336914,6.389153480529785,10.941718101501465
2016-02-03,9.579212188720703,6.6969780921936035,11.205541610717773
2016-02-04,9.961801528930664,7.062071800231934,11.367539405822754
2016-02-05,9.882391929626465,6.9904890060424805,11.478625297546387
2016-02-10,9.882391929626465,7.069228172302246,11.534160614013672
2016-02-11,9.427618980407715,6.886686325073242,11.191658973693848
2016-02-12,9.384306907653809,6.908159255981445,11.279593467712402
2016-02-15,9.485365867614746,6.908159255981445,11.242569923400879
2016-02-16,9.673054695129395,7.155135154724121,11.515649795532227
2016-02-17,9.64417839050293,7.233880043029785,11.640619277954102
2016-02-18,9.290461540222168,7.087127685546875,11.404570579528809
2016-02-19,9.39152717590332,7.115766525268555,11.53979206085205
2016-02-22,9.8246431350708,7.48801851272583,12.005759239196777
2016-02-23,9.75968074798584,7.4164299964904785,11.834585189819336
2016-02-24,9.43483829498291,7.402111053466797,11.734734535217285
2016-02-25,9.470931053161621,7.380637168884277,11.744244575500488
2016-02-26,9.528678894042969,7.402111053466797,11.744244575500488
2016-02-29,9.774115562438965,7.6383490562438965,12.077079772949219
2016-03-01,10.337174415588379,7.853111743927002,12.645606994628906
2016-03-02,10.662013053894043,8.024701118469238,12.94057559967041
2016-03-03,12.064229965209961,8.741196632385254,14.220362663269043
2016-03-04,13.255401611328125,9.643970489501953,14.91496467590332
2016-03-07,13.262666702270508,9.371707916259766,14.848365783691406
2016-03-08,14.708043098449707,9.4182767868042,15.181386947631836
2016-03-09,14.744363784790039,8.991964340209961,14.67707347869873
2016-03-10,15.615958213806152,9.260648727416992,15.252747535705566
2016-03-11,16.59648895263672,9.590237617492676,15.381203651428223
2016-03-14,16.19403839111328,9.529333114624023,15.309843063354492
2016-03-15,12.765568733215332,9.027786254882812,14.629517555236816
2016-03-16,13.19594669342041,8.827171325683594,14.196566581726074
2016-03-17,15.092548370361328,9.977143287658691,15.747542381286621
2016-03-18,14.851823806762695,9.84459114074707,15.790358543395996
2016-03-21,15.099842071533203,10.009383201599121,15.79511833190918
2016-03-22,14.881002426147461,9.90549087524414,15.390721321105957
2016-03-23,14.326613426208496,9.583072662353516,14.900691986083984
2016-03-24,13.852468490600586,9.407530784606934,14.743696212768555
2016-03-28,14.662165641784668,9.866085052490234,15.110029220581055
2016-03-29,15.099842071533203,10.038043975830078,15.200417518615723
2016-03-30,14.786175727844238,10.052372932434082,15.286052703857422
2016-03-31,14.421448707580566,9.69412612915039,14.848365783691406
2016-04-01,14.421448707580566,9.887581825256348,14.950712203979492
2016-04-04,13.604445457458496,9.485701560974121,14.427112579345703
2016-04-05,13.385611534118652,9.528717994689941,14.455674171447754
2016-04-06,13.261601448059082,9.277777671813965,14.0415678024292
2016-04-07,13.670096397399902,9.349474906921387,14.193881034851074
2016-04-08,15.24573040008545,9.826272010803223,15.08873176574707
2016-04-11,15.7125883102417,9.991179466247559,15.16489315032959
2016-04-12,16.1210880279541,10.460800170898438,15.850308418273926
2016-04-13,16.28886604309082,11.506878852844238,16.045448303222656
2016-04-14,15.99708080291748,10.288723945617676,15.578999519348145
2016-04-15,16.558773040771484,10.3353271484375,15.678956985473633
2016-04-18,16.106494903564453,10.276534080505371,15.564719200134277
2016-04-19,16.033559799194336,10.300196647644043,15.650396347045898
2016-04-20,15.924139022827148,10.292306900024414,15.360044479370117
2016-04-22,15.515631675720215,10.075420379638672,15.079209327697754
2016-04-25,15.17279052734375,9.84276008605957,14.94593620300293
2016-04-26,15.865777015686035,10.197664260864258,15.464762687683105
2016-04-27,16.26698112487793,10.556517601013184,15.993106842041016
2016-04-28,15.865777015686035,10.339629173278809,15.883625030517578
2016-04-29,16.12838363647461,10.2134370803833,15.645626068115234
2016-05-02,15.71988582611084,10.012327194213867,15.214677810668945
2016-05-03,14.910185813903809,9.802767753601074,14.338460922241211
2016-05-04,15.2311429977417,10.221077919006348,14.690841674804688
2016-05-05,14.96854305267334,9.964570045471191,14.471802711486816
2016-05-06,15.092548370361328,10.011923789978027,14.476563453674316
2016-05-09,14.771584510803223,10.075063705444336,14.567028045654297
2016-05-10,15.646933555603027,10.509161949157715,15.48134708404541
2016-05-11,14.939362525939941,10.61176872253418,15.386106491088867
2016-05-12,14.516278266906738,10.840657234191895,15.538482666015625
2016-05-13,14.122367858886719,10.40261459350586,14.952759742736816
2016-05-16,13.903526306152344,10.221077919006348,14.724183082580566
2016-05-17,13.232423782348633,9.889585494995117,14.409887313842773
2016-05-18,13.247011184692383,9.932998657226562,14.633705139160156
2016-05-19,12.933343887329102,9.727785110473633,14.509888648986816
2016-05-20,12.626970291137695,9.621235847473145,14.324172019958496
2016-05-23,12.400835037231445,9.648857116699219,14.371798515319824
2016-05-24,11.749176979064941,9.67647647857666,14.357501983642578
2016-05-25,12.09473991394043,9.637019157409668,14.290826797485352
2016-05-27,11.859467506408691,9.498893737792969,14.147974967956543
2016-05-30,12.06533432006836,9.471264839172363,14.143216133117676
2016-05-31,12.10944652557373,8.99770736694336,13.833683967590332
2016-06-01,12.182971954345703,9.163453102111816,14.040935516357422
2016-06-02,12.425600051879883,9.459264755249023,14.250576972961426
2016-06-03,12.719698905944824,9.506664276123047,14.236281394958496
2016-06-06,12.58735179901123,9.451369285583496,14.098119735717773
2016-06-07,12.4403076171875,9.573806762695312,14.326813697814941
2016-06-08,12.829986572265625,9.873974800109863,14.545975685119629
2016-06-09,12.793225288391113,9.889775276184082,14.512627601623535
2016-06-10,12.168268203735352,9.4948091506958,13.769359588623047
2016-06-13,12.27120304107666,9.65279769897461,13.831296920776367
2016-06-14,11.943339347839355,9.463216781616211,13.631192207336426
2016-06-15,11.93592643737793,9.47901439666748,13.564493179321289
2016-06-16,12.002649307250977,9.621200561523438,13.812241554260254
2016-06-17,11.861790657043457,9.5619535446167,13.778889656066895
2016-06-20,12.299190521240234,9.719942092895508,14.007586479187012
2016-06-21,11.75058650970459,9.834484100341797,14.002821922302246
2016-06-22,11.713516235351562,9.81473159790039,13.759838104248047
2016-06-23,12.02489185333252,10.137019157409668,14.293452262878418
2016-06-24,11.780238151550293,9.886282920837402,13.793191909790039
2016-06-27,11.594898223876953,9.496245384216309,13.33103084564209
2016-06-28,11.884028434753418,9.731062889099121,13.797950744628906
2016-06-29,12.225054740905762,9.9658842086792,14.107643127441406
2016-06-30,12.736592292785645,10.02160358428955,14.436383247375488
2016-07-01,12.640214920043945,10.196724891662598,14.734322547912598
2016-07-04,12.6995267868042,10.24012279510498,14.724784851074219
2016-07-05,12.603150367736816,10.2361421585083,14.619915008544922
2016-07-06,12.57348918914795,10.2361421585083,14.67711067199707
2016-07-07,12.417810440063477,10.275971412658691,14.824883460998535
2016-07-08,12.773665428161621,10.558756828308105,15.22530460357666
2016-07-11,13.35934066772461,10.678251266479492,15.373076438903809
2016-07-12,13.188826560974121,10.59062385559082,15.24437141418457
2016-07-13,13.381579399108887,10.825615882873535,15.558975219726562
2016-07-14,14.09328556060791,11.271708488464355,16.00230598449707
2016-07-15,14.278631210327148,11.271708488464355,15.949858665466309
2016-07-18,14.797579765319824,11.506694793701172,16.221576690673828
2016-07-19,15.516700744628906,11.46288776397705,16.126239776611328
2016-07-20,15.828076362609863,11.562459945678711,16.37888526916504
2016-07-21,15.531533241271973,11.474842071533203,16.159608840942383
2016-07-22,15.279463768005371,11.55051040649414,16.259714126586914
2016-07-25,15.791006088256836,11.514665603637695,16.13577651977539
2016-07-26,15.894795417785645,11.423057556152344,15.930803298950195
2016-07-27,15.92444896697998,11.46288776397705,15.992764472961426
2016-07-28,15.323948860168457,10.953067779541016,15.816394805908203
2016-07-29,15.605666160583496,11.295605659484863,16.107168197631836
2016-08-01,15.338773727416992,11.31153392791748,15.942647933959961
2016-08-02,14.975505828857422,11.171628952026367,16.133403778076172
2016-08-03,15.212742805480957,11.430695533752441,16.805830001831055
2016-08-04,15.620491027832031,11.554250717163086,16.90120506286621
2016-08-05,15.731696128845215,11.625986099243164,16.801050186157227
2016-08-08,15.694626808166504,11.510408401489258,16.69137191772461
2016-08-09,15.865142822265625,11.450620651245117,16.72475814819336
2016-08-10,15.472219467163086,11.287213325500488,16.586450576782227
2016-08-11,16.347030639648438,11.622001647949219,17.01089859008789
2016-08-12,16.806671142578125,11.637946128845215,17.13965606689453
2016-08-15,17.184768676757812,11.809325218200684,17.51532745361328
2016-08-16,16.7844295501709,11.62997055053711,17.4429931640625
2016-08-17,16.873388290405273,11.76150131225586,17.67447280883789
2016-08-18,16.851158142089844,11.793384552001953,17.64071273803711
2016-08-19,17.19959259033203,11.725628852844238,17.524967193603516
2016-08-22,16.539783477783203,11.410764694213867,17.18739128112793
2016-08-23,16.845626831054688,11.287213325500488,17.158458709716797
2016-08-24,16.67404556274414,11.207500457763672,17.076478958129883
2016-08-25,16.741188049316406,11.25931453704834,17.0234317779541
2016-08-26,17.084367752075195,11.414752006530762,17.230798721313477
2016-08-29,17.770723342895508,11.622001647949219,17.53461265563965
2016-08-30,17.703580856323242,11.657876968383789,17.650348663330078
2016-08-31,17.315641403198242,11.582146644592285,17.288663864135742
2016-09-01,17.054523468017578,11.466567993164062,17.459932327270508
2016-09-02,17.696117401123047,11.801166534423828,17.715648651123047
2016-09-05,17.5245304107666,11.841047286987305,17.720462799072266
2016-09-06,17.919933319091797,11.96468448638916,17.889318466186523
2016-09-08,18.001996994018555,12.124215126037598,17.67704200744629
2016-09-09,17.039602279663086,11.454188346862793,17.006431579589844
2016-09-12,17.121667861938477,11.494071006774902,17.228361129760742
2016-09-13,16.51150894165039,11.015483856201172,16.88582420349121
2016-09-14,16.45149803161621,11.107215881347656,16.90029525756836
2016-09-15,16.736568450927734,11.410320281982422,17.26696014404297
2016-09-16,16.45149803161621,11.202932357788086,16.876178741455078
2016-09-19,16.51150894165039,11.262754440307617,16.996784210205078
2016-09-20,16.961620330810547,11.38638973236084,17.035381317138672
2016-09-21,17.509252548217773,11.609733581542969,17.19941520690918
2016-09-22,17.59177017211914,11.833070755004883,17.474414825439453
2016-09-23,17.21668243408203,11.856999397277832,17.430994033813477
2016-09-26,17.021631240844727,11.709440231323242,17.2959041595459
2016-09-27,17.164169311523438,11.95272159576416,17.49370765686035
2016-09-28,17.48674201965332,12.024506568908691,17.619150161743164
2016-09-29,16.976621627807617,11.825095176696777,17.170467376708984
2016-09-30,17.10415267944336,11.833070755004883,17.13669776916504
2016-10-03,17.509252548217773,12.13794231414795,17.544540405273438
2016-10-04,17.554264068603516,12.312836647033691,17.698986053466797
2016-10-05,17.951858520507812,12.410691261291504,18.04649543762207
2016-10-06,18.514497756958008,12.410691261291504,18.196125030517578
2016-10-07,18.964597702026367,12.5860013961792,18.365055084228516
2016-10-10,19.092132568359375,12.581926345825195,18.389192581176758
2016-10-11,18.65703010559082,12.537079811096191,18.32643699645996
2016-10-13,18.979604721069336,12.553384780883789,18.53398323059082
2016-10-14,19.474727630615234,12.655311584472656,18.886322021484375
2016-10-17,20.615005493164062,12.908093452453613,19.301408767700195
2016-10-18,21.042612075805664,13.22203254699707,19.569766998291016
2016-10-19,20.652511596679688,13.128255844116211,19.251209259033203
2016-10-20,21.080116271972656,13.319887161254883,19.309608459472656
2016-10-21,21.342679977416992,13.193492889404297,19.27775764465332
2016-10-24,21.17013931274414,13.067102432250977,19.113161087036133
2016-10-25,20.667510986328125,13.005945205688477,19.01230239868164
2016-10-26,20.509977340698242,12.952945709228516,19.12910270690918
2016-10-27,21.56023406982422,13.169025421142578,19.53790855407715
2016-10-28,21.222652435302734,13.217957496643066,19.70250129699707
2016-10-31,21.97283172607422,13.63381290435791,20.387388229370117
2016-11-01,20.960086822509766,13.234264373779297,19.7845458984375
2016-11-03,19.962345123291016,12.919722557067871,19.35965347290039
2016-11-04,20.164897918701172,12.919722557067871,19.518983840942383
2016-11-07,21.252662658691406,13.368467330932617,20.220083236694336
2016-11-08,21.21515655517578,13.360305786132812,20.26787567138672
2016-11-09,20.4649658203125,12.993149757385254,19.619897842407227
2016-11-10,19.15215492248535,11.834583282470703,18.64262580871582
2016-11-11,17.824325561523438,11.85498046875,18.40361976623535
2016-11-14,18.319446563720703,11.940644264221191,18.29207420349121
2016-11-16,19.50473403930664,12.12014389038086,19.195003509521484
2016-11-17,19.1446475982666,11.740758895874023,18.621383666992188
2016-11-18,19.707284927368164,11.944729804992676,18.79665756225586
2016-11-21,21.252662658691406,12.014079093933105,18.950681686401367
2016-11-22,21.523677825927734,12.095670700073242,19.014419555664062
2016-11-23,21.4257755279541,12.148702621459961,18.839141845703125
2016-11-24,20.85342025756836,12.034473419189453,18.64262580871582
2016-11-25,20.8082332611084,12.091590881347656,18.51515007019043
2016-11-28,21.76467514038086,12.24252986907959,18.90818977355957
2016-11-29,20.97391128540039,11.85498046875,18.4514217376709
2016-11-30,21.463428497314453,12.136463165283203,18.812583923339844
2016-12-01,20.04759407043457,11.459268569946289,17.95976448059082
2016-12-02,20.46179962158203,11.642548561096191,18.034154891967773
2016-12-05,20.070194244384766,11.581315994262695,17.970394134521484
2016-12-06,20.09278678894043,11.830334663391113,18.209501266479492
2016-12-07,20.333778381347656,11.756855010986328,18.066038131713867
2016-12-08,20.183155059814453,11.634387969970703,17.95976448059082
2016-12-09,20.36389923095703,11.789511680603027,18.01289939880371
2016-12-12,19.392396926879883,11.299644470214844,17.268997192382812
2016-12-13,19.571365356445312,11.344547271728516,17.34870719909668
2016-12-14,19.095487594604492,11.209836959838867,17.311511993408203
2016-12-15,19.828184127807617,11.246575355529785,17.24243927001953
2016-12-16,19.956600189208984,11.185340881347656,16.934255599975586
2016-12-19,19.510936737060547,10.940406799316406,16.47728729248047
2016-12-20,19.828184127807617,11.177176475524902,16.897062301635742
2016-12-21,19.828184127807617,11.083283424377441,16.891738891601562
2016-12-22,19.639352798461914,11.034767150878906,17.02989387512207
2016-12-23,20.19831085205078,11.265777587890625,17.510616302490234
2016-12-26,20.51556968688965,11.472036361694336,17.65082359313965
2016-12-27,20.659086227416992,11.360654830932617,17.640043258666992
2016-12-28,20.915910720825195,11.769043922424316,18.0552921295166
2016-12-29,21.218048095703125,11.962930679321289,18.254825592041016
2017-01-02,20.80259895324707,11.880425453186035,18.090274810791016
2017-01-03,21.754348754882812,12.383604049682617,18.856403350830078
2017-01-04,21.64104652404785,12.305177688598633,18.93732452392578
2017-01-05,21.58817481994629,12.441390037536621,19.196300506591797
2017-01-06,21.822338104248047,12.519826889038086,19.26104164123535
2017-01-09,20.99899673461914,12.536334991455078,19.352754592895508
2017-01-10,21.28603744506836,12.536334991455078,19.28801727294922
2017-01-11,21.512638092041016,12.631272315979004,19.325786590576172
2017-01-12,22.056501388549805,12.928478240966797,19.816749572753906
2017-01-13,21.48242950439453,12.825284004211426,19.4121036529541
2017-01-16,21.49753189086914,12.850048065185547,19.42829132080078
2017-01-17,21.844999313354492,13.217435836791992,19.951635360717773
2017-01-18,21.663713455200195,13.085341453552246,19.79517364501953
2017-01-19,21.68637466430664,13.072954177856445,19.687273025512695
2017-01-20,22.16980743408203,13.01103401184082,19.74661636352539
2017-01-23,23.17443084716797,13.308245658874512,20.41023063659668
2017-01-24,22.7363224029541,13.25870418548584,20.361671447753906
2017-01-26,24.171510696411133,13.555914878845215,20.636823654174805
2017-01-27,23.710739135742188,13.597195625305176,20.528934478759766
2017-01-30,23.053571701049805,13.357780456542969,20.091915130615234
2017-01-31,23.499235153198242,13.498126029968262,20.091915130615234
2017-02-01,23.612537384033203,13.386674880981445,20.305112838745117
2017-02-02,23.39348602294922,12.886483192443848,20.245742797851562
2017-02-03,23.333059310913086,13.200390815734863,20.66673469543457
2017-02-06,22.751428604125977,12.927783966064453,20.515607833862305
2017-02-07,22.962932586669922,12.907135009765625,20.915021896362305
2017-02-08,23.20464324951172,13.146695137023926,21.45476531982422
2017-02-09,23.12911033630371,13.225174903869629,21.55191993713379
2017-02-10,23.55211067199707,13.423422813415527,21.622081756591797
2017-02-13,23.703182220458984,13.460590362548828,21.519529342651367
2017-02-14,23.77871322631836,13.377988815307617,21.589704513549805
2017-02-15,24.065759658813477,13.667107582092285,22.496471405029297
2017-02-16,24.843778610229492,13.621676445007324,22.05927276611328
2017-02-17,24.858882904052734,13.59276294708252,22.048480987548828
2017-02-20,25.259220123291016,13.64645767211914,22.151037216186523
2017-02-21,25.682226181030273,14.030569076538086,22.47308921813965
2017-02-22,25.750205993652344,14.121443748474121,22.539100646972656
2017-02-23,25.191240310668945,13.906661987304688,22.198007583618164
2017-02-24,25.002399444580078,13.803409576416016,22.0219669342041
2017-03-01,25.380088806152344,13.679498672485352,21.986202239990234
2017-03-02,25.142635345458984,13.637744903564453,21.76055908203125
2017-03-03,26.36726951599121,13.960098266601562,22.156801223754883
2017-03-06,26.578937530517578,13.823721885681152,22.068744659423828
2017-03-07,26.253881454467773,13.637744903564453,21.70001983642578
2017-03-08,25.634010314941406,13.406318664550781,21.452367782592773
2017-03-09,25.369428634643555,13.286478996276855,21.518402099609375
2017-03-10,25.467708587646484,13.212087631225586,21.52941131591797
2017-03-13,25.73983383178711,13.377391815185547,21.920148849487305
2017-03-14,25.688417434692383,13.265813827514648,21.705522537231445
2017-03-15,25.900524139404297,13.501376152038574,21.914648056030273
2017-03-16,25.55205726623535,13.439382553100586,21.633975982666016
2017-03-17,24.855117797851562,13.026111602783203,21.0120906829834
2017-03-20,24.809663772583008,13.257550239562988,21.243236541748047
2017-03-21,24.218774795532227,12.864940643310547,20.786449432373047
2017-03-22,25.036922454833984,12.914533615112305,20.957050323486328
2017-03-23,25.036922454833984,12.926936149597168,20.84147834777832
2017-03-24,25.150558471679688,13.11290454864502,21.067121505737305
2017-03-27,25.233888626098633,13.224483489990234,21.221221923828125
2017-03-28,25.074800491333008,13.298871994018555,21.14967155456543
2017-03-29,25.983854293823242,13.575760841369629,21.463363647460938
2017-03-30,25.809619903564453,13.488974571228027,21.210216522216797
2017-03-31,25.582359313964844,13.381525993347168,20.857986450195312
2017-04-03,25.658113479614258,13.447649955749512,21.207605361938477
2017-04-04,25.75659942626953,13.5506010055542,21.31770896911621
2017-04-05,25.317218780517578,13.273552894592285,20.926815032958984
2017-04-06,24.72633171081543,13.13296127319336,20.76164436340332
2017-04-07,24.620269775390625,13.161906242370605,20.92131233215332
2017-04-10,24.839963912963867,13.244606971740723,20.882762908935547
2017-04-11,24.862688064575195,13.277684211730957,20.844228744506836
2017-04-12,24.453609466552734,13.145367622375488,20.81670379638672
2017-04-13,23.180938720703125,12.744260787963867,20.436819076538086
2017-04-17,24.25665283203125,13.31490421295166,21.350738525390625
2017-04-18,24.491485595703125,13.23633861541748,21.273670196533203
2017-04-19,23.59758186340332,13.104012489318848,21.086477279663086
2017-04-20,23.786968231201172,12.87658405303955,20.778160095214844
2017-04-24,24.468765258789062,13.112278938293457,21.180070877075195
2017-04-25,24.620269775390625,13.232200622558594,21.31770896911621
2017-04-26,24.324825286865234,13.45549488067627,21.356260299682617
2017-04-27,24.665733337402344,13.84831714630127,21.477373123168945
2017-04-28,24.885408401489258,13.815245628356934,21.615013122558594
2017-05-02,25.673255920410156,14.18698787689209,22.05838966369629
2017-05-03,25.589929580688477,14.17741870880127,21.694869995117188
2017-05-04,24.51421546936035,13.968057632446289,20.9843807220459
2017-05-05,25.082386016845703,13.986261367797852,21.314844131469727
2017-05-08,24.453609466552734,13.977160453796387,21.364412307739258
2017-05-09,24.544519424438477,14.100035667419434,21.41948699951172
2017-05-10,25.264188766479492,14.309410095214844,21.52413558959961
2017-05-11,26.052034378051758,14.395882606506348,21.893142700195312
2017-05-12,26.809585571289062,14.541518211364746,22.10245704650879
2017-05-15,26.324748992919922,14.564279556274414,22.19607925415039
2017-05-16,26.324748992919922,14.587039947509766,22.168529510498047
2017-05-17,25.61266326904297,14.30030345916748,21.716903686523438
2017-05-18,20.514371871948242,12.425154685974121,19.100740432739258
2017-05-19,21.196163177490234,12.629963874816895,19.596439361572266
2017-05-22,20.21135139465332,12.270410537719727,19.210895538330078
2017-05-23,20.686513900756836,12.352333068847656,19.51382827758789
2017-05-24,21.052654266357422,12.493427276611328,19.673545837402344
2017-05-25,21.13654899597168,12.406946182250977,19.304529190063477
2017-05-26,22.01374626159668,12.693679809570312,19.827760696411133
2017-05-29,22.01374626159668,12.693679809570312,19.827760696411133
2017-05-30,22.120534896850586,12.766501426696777,19.789209365844727
2017-05-31,21.617101669311523,12.525285720825195,19.579912185668945
2017-06-01,21.38826560974121,12.457014083862305,19.356761932373047
2017-06-02,21.418781280517578,12.283473014831543,19.549606323242188
2017-06-05,21.052654266357422,12.27436351776123,19.52757453918457
2017-06-06,21.82305335998535,12.43832778930664,19.84164047241211
2017-06-07,21.914579391479492,12.638725280761719,20.166738510131836
2017-06-08,21.58658790588379,12.44743824005127,19.957347869873047
2017-06-09,21.235715866088867,12.192383766174316,19.643280029296875
2017-06-12,20.732284545898438,11.996542930603027,19.643280029296875
2017-06-13,20.96068572998047,11.900895118713379,19.885723114013672
2017-06-14,20.95303726196289,12.360902786254883,20.06203842163086
2017-06-15,20.95303726196289,12.360902786254883,20.06203842163086
2017-06-16,21.029541015625,12.301692008972168,19.918779373168945
2017-06-19,20.754138946533203,12.333571434020996,20.023466110229492
2017-06-20,19.889705657958984,12.046639442443848,19.58266258239746
2017-06-21,19.78261375427246,11.978324890136719,19.604707717895508
2017-06-22,19.889705657958984,12.128619194030762,19.621234893798828
2017-06-23,19.491905212402344,12.028420448303223,19.555116653442383
2017-06-26,20.631742477416992,12.570402145385742,20.10611915588379
2017-06-27,19.966203689575195,12.429214477539062,19.924297332763672
2017-06-28,20.188045501708984,12.533975601196289,19.918779373168945
2017-06-29,20.31808853149414,12.593181610107422,20.117141723632812
2017-06-30,20.501691818237305,12.820904731750488,20.249387741088867
2017-07-03,20.784738540649414,12.93083667755127,20.439556121826172
2017-07-04,20.891836166381836,12.948720932006836,20.356874465942383
2017-07-05,20.784738540649414,12.953310012817383,20.411996841430664
2017-07-06,20.647037506103516,12.765177726745605,20.125356674194336
2017-07-07,20.371644973754883,12.778947830200195,19.932430267333984
2017-07-10,20.585844039916992,12.921191215515137,20.092287063598633
2017-07-11,21.45028305053711,13.146026611328125,20.39545249938965
2017-07-12,22.062271118164062,13.494756698608398,20.615949630737305
2017-07-13,22.261171340942383,13.614048957824707,20.67107582092285
2017-07-14,22.498315811157227,13.62781810760498,20.715179443359375
2017-07-17,22.383567810058594,13.536042213439941,20.516727447509766
2017-07-18,22.398862838745117,13.705819129943848,20.538768768310547
2017-07-19,22.475364685058594,13.536042213439941,20.241117477416992
2017-07-20,22.67426109313965,13.490157127380371,20.263168334960938
2017-07-21,22.498315811157227,13.435100555419922,20.26868438720703
2017-07-24,22.245866775512695,13.549816131591797,20.39545249938965
2017-07-25,22.61306381225586,13.770060539245605,20.445068359375
2017-07-26,22.062271118164062,13.6507568359375,20.351356506347656
2017-07-27,21.871023178100586,13.632404327392578,20.373409271240234
2017-07-28,21.84807014465332,13.6507568359375,20.450580596923828
2017-07-31,21.955175399780273,13.852655410766602,20.57185173034668
2017-08-01,22.414159774780273,14.022428512573242,21.230825424194336
2017-08-02,23.316850662231445,14.214786529541016,21.451416015625
2017-08-03,23.469844818115234,14.210203170776367,21.401784896850586
2017-08-04,23.615196228027344,14.22397518157959,21.34663200378418
2017-08-07,23.98239517211914,14.389265060424805,21.683021545410156
2017-08-08,23.98239517211914,14.540783882141113,21.947711944580078
2017-08-09,23.538692474365234,14.549957275390625,21.809858322143555
2017-08-10,23.6534481048584,14.412220001220703,21.534135818481445
2017-08-11,23.63814353942871,14.540783882141113,21.644418716430664
2017-08-14,23.783493041992188,14.830033302307129,22.035945892333984
2017-08-15,23.668750762939453,14.866761207580566,22.130084991455078
2017-08-16,23.477502822875977,14.866761207580566,22.174644470214844
2017-08-17,23.064401626586914,14.74279499053955,21.996400833129883
2017-08-18,23.270954132080078,15.045825004577637,22.208066940307617
2017-08-21,23.576946258544922,15.041234970092773,22.04652976989746
2017-08-22,24.63529396057129,15.380989074707031,22.514419555664062
2017-08-23,24.65069007873535,15.518733024597168,22.759511947631836
2017-08-24,24.73539924621582,15.569233894348145,22.94889259338379
2017-08-25,24.642988204956055,15.583013534545898,22.882055282592773
2017-08-28,24.411964416503906,15.344261169433594,22.681535720825195
2017-08-29,24.2502384185791,15.605965614318848,22.887622833251953
2017-08-30,24.00381088256836,15.449864387512207,22.76507568359375
2017-08-31,23.641874313354492,15.417726516723633,22.47542953491211
2017-09-01,24.55827522277832,15.739113807678223,22.94628143310547
2017-09-04,24.519775390625,15.734061241149902,22.829275131225586
2017-09-05,24.642988204956055,15.508955955505371,22.840415954589844
2017-09-06,25.22825813293457,15.743243217468262,23.453351974487305
2017-09-07,25.22825813293457,15.743243217468262,23.453351974487305
2017-09-08,25.151254653930664,15.619208335876465,23.425498962402344
2017-09-11,26.05225944519043,16.221006393432617,23.821117401123047
2017-09-12,25.76382064819336,16.19803810119629,23.754253387451172
2017-09-13,25.925901412963867,16.266942977905273,23.921417236328125
2017-09-14,25.94906234741211,16.142906188964844,23.86570167541504
2017-09-15,26.3272647857666,16.487449645996094,24.311471939086914
2017-09-18,26.69002342224121,16.62985610961914,24.484209060668945
2017-09-19,26.659141540527344,16.680391311645508,24.395055770874023
2017-09-20,26.828947067260742,16.58392333984375,24.138734817504883
2017-09-21,27.415542602539062,16.58850860595703,24.17216682434082
2017-09-22,27.24575424194336,16.54716682434082,24.255752563476562
2017-09-25,26.85982894897461,16.266942977905273,24.016145706176758
2017-09-26,27.014196395874023,16.248559951782227,24.060720443725586
2017-09-27,26.875267028808594,16.078590393066406,24.07744789123535
2017-09-28,26.651430130004883,15.876465797424316,23.949275970458984
2017-09-29,26.937013626098633,16.1015682220459,24.15544891357422
2017-10-02,26.975595474243164,16.262346267700195,24.197261810302734
2017-10-03,28.07159996032715,16.960525512695312,25.027801513671875
2017-10-04,27.940401077270508,16.850208282470703,24.804838180541992
2017-10-05,28.39578628540039,16.864004135131836,25.20060157775879
2017-10-06,28.557861328125,16.6893367767334,24.905168533325195
2017-10-09,28.24140739440918,16.680145263671875,24.6097469329834
2017-10-10,28.843435287475586,17.061647415161133,25.144859313964844
2017-10-11,28.866596221923828,16.960525512695312,25.083547592163086
2017-10-12,28.866596221923828,16.960525512695312,25.083547592163086
2017-10-13,28.882028579711914,16.831832885742188,24.87729835510254
2017-10-16,28.943782806396484,16.785858154296875,24.749095916748047
2017-10-17,28.99009895324707,16.744497299194336,24.710079193115234
2017-10-18,28.88974952697754,16.670957565307617,24.75467300415039
2017-10-19,28.696792602539062,16.60201072692871,24.576295852661133
2017-10-20,28.951488494873047,16.519271850585938,24.52613067626953
2017-10-23,27.940401077270508,16.362995147705078,24.29758644104004
2017-10-24,28.19509506225586,16.583627700805664,24.475961685180664
2017-10-25,28.449810028076172,16.63418960571289,24.6431884765625
2017-10-26,28.295438766479492,16.482498168945312,24.49268341064453
2017-10-27,28.17194175720215,16.450336456298828,24.342178344726562
2017-10-30,27.176280975341797,16.156164169311523,24.030033111572266
2017-10-31,26.581966400146484,15.940131187438965,23.43916893005371
2017-11-01,26.24236297607422,15.443737030029297,23.046062469482422
2017-11-02,26.24236297607422,15.443737030029297,23.046062469482422
2017-11-03,25.77153778076172,15.599626541137695,23.36948013305664
2017-11-06,25.563140869140625,15.599626541137695,23.36948013305664
2017-11-07,24.281902313232422,15.061544418334961,22.917810440063477
2017-11-08,25.555431365966797,15.608820915222168,23.754226684570312
2017-11-09,24.899370193481445,15.043145179748535,23.112977981567383
2017-11-10,24.158405303955078,15.056951522827148,23.14643096923828
2017-11-13,24.196998596191406,15.130528450012207,23.263530731201172
2017-11-14,23.618120193481445,14.80860424041748,22.817440032958984
2017-11-15,23.618120193481445,14.80860424041748,22.817440032958984
2017-11-16,24.737281799316406,15.194917678833008,23.391775131225586
2017-11-17,25.154069900512695,15.461650848388672,23.71520233154297
2017-11-20,25.154069900512695,15.461650848388672,23.71520233154297
2017-11-21,25.586305618286133,15.815771102905273,24.18916130065918
2017-11-22,25.44117546081543,15.63641357421875,23.954959869384766
2017-11-23,25.47225570678711,15.521446228027344,23.882476806640625
2017-11-24,25.332378387451172,15.383472442626953,23.6594295501709
2017-11-27,24.9904727935791,15.360482215881348,23.804412841796875
2017-11-28,25.363466262817383,15.406464576721191,23.84344482421875
2017-11-29,24.213411331176758,15.112137794494629,23.352745056152344
2017-11-30,23.257606506347656,15.015556335449219,23.012603759765625
2017-12-01,23.918119430541992,14.978763580322266,22.998661041259766
2017-12-04,24.500919342041016,15.235980033874512,23.33892059326172
2017-12-05,24.143470764160156,15.079530715942383,23.1994686126709
2017-12-06,24.87390899658203,15.235980033874512,23.444915771484375
2017-12-07,23.910348892211914,15.125539779663086,23.36681365966797
2017-12-08,24.050220489501953,15.166955947875977,23.5676326751709
2017-12-11,23.855960845947266,15.166955947875977,23.628992080688477
2017-12-12,24.387813568115234,15.466063499450684,23.81864356994629
2017-12-13,23.80344009399414,15.203775405883789,23.28871726989746
2017-12-14,23.70993995666504,15.084124565124512,22.92055892944336
2017-12-15,23.842395782470703,15.024308204650879,23.00145149230957
2017-12-18,24.16185188293457,15.143956184387207,22.995861053466797
2017-12-19,24.0216007232666,15.047316551208496,22.867103576660156
2017-12-20,24.037187576293945,15.185359001159668,22.951068878173828
2017-12-21,24.302104949951172,15.631725311279297,23.919498443603516
2017-12-22,24.387813568115234,15.67773723602295,23.807540893554688
2017-12-25,24.387813568115234,15.67773723602295,23.807540893554688
2017-12-26,24.652725219726562,15.710709571838379,23.902700424194336
2017-12-27,24.956600189208984,15.729583740234375,23.77395248413086
2017-12-28,24.79296875,15.965399742126465,23.835529327392578
2017-12-29,24.79296875,15.965399742126465,23.835529327392578
2018-01-02,25.657848358154297,16.319143295288086,24.5719051361084
2018-01-03,25.985097885131836,16.394161224365234,24.73989486694336
2018-01-04,26.234424591064453,16.663150787353516,25.25507164001465
2018-01-05,26.234424591064453,16.757539749145508,25.3278751373291
2018-01-08,26.29676055908203,16.752824783325195,25.24387550354004
2018-01-09,26.047428131103516,16.597089767456055,24.969486236572266
2018-01-10,25.938343048095703,16.422481536865234,24.88548469543457
2018-01-11,26.530506134033203,16.752824783325195,25.40627098083496
2018-01-12,26.59283447265625,16.752824783325195,25.383880615234375
2018-01-15,26.725292205810547,16.870792388916016,25.54066276550293
2018-01-16,26.95905113220215,16.98404884338379,25.775859832763672
2018-01-17,27.597965240478516,17.408767700195312,26.201444625854492
2018-01-18,27.410951614379883,17.3898983001709,26.13985252380371
2018-01-19,27.231746673583984,17.512588500976562,26.352632522583008
2018-01-22,27.32525062561035,17.753263473510742,27.0078125
2018-01-23,27.44213104248047,17.83349609375,26.907012939453125
2018-01-24,29.600404739379883,18.782028198242188,28.20616912841797
2018-01-25,29.600404739379883,18.782028198242188,28.20616912841797
2018-01-26,30.519819259643555,19.442705154418945,29.622922897338867
2018-01-29,30.348403930664062,18.876415252685547,28.945341110229492
2018-01-30,30.23153305053711,19.0651798248291,28.833349227905273
2018-01-31,30.91718864440918,19.2303409576416,29.264528274536133
2018-02-01,31.002910614013672,18.72067642211914,29.412979125976562
2018-02-02,30.582151412963867,18.13947105407715,29.043272018432617
2018-02-05,29.670536041259766,17.84674072265625,28.023818969726562
2018-02-06,30.971736907958984,18.271663665771484,29.03206443786621
2018-02-07,31.002910614013672,17.997825622558594,28.343097686767578
2018-02-08,30.028949737548828,17.775922775268555,28.20305061340332
2018-02-09,29.467952728271484,17.57291603088379,28.275888442993164
2018-02-14,30.823707580566406,18.215015411376953,29.496984481811523
2018-02-15,31.088607788085938,18.290552139282227,29.502605438232422
2018-02-16,31.40028953552246,18.25750160217285,29.661663055419922
2018-02-19,30.878236770629883,18.167802810668945,29.42824935913086
2018-02-20,31.789859771728516,18.720199584960938,30.151844024658203
2018-02-21,32.03919219970703,18.819345474243164,30.54863929748535
2018-02-22,33.03652572631836,18.932655334472656,30.717878341674805
2018-02-23,33.03652572631836,19.107351303100586,30.92795753479004
2018-02-26,33.51959991455078,19.107351303100586,30.89295196533203
2018-02-27,33.192352294921875,18.899614334106445,30.431936264038086
2018-02-28,32.56903076171875,18.304716110229492,29.39907455444336
2018-03-01,32.80278015136719,18.408597946166992,29.833951950073242
2018-03-02,33.07367706298828,18.526199340820312,29.99155044555664
2018-03-05,33.347999572753906,18.649017333984375,30.417667388916016
2018-03-06,34.0847053527832,18.68208122253418,30.306753158569336
2018-03-07,33.849578857421875,18.35141944885254,30.265893936157227
2018-03-08,34.02983474731445,18.110519409179688,30.055753707885742
2018-03-09,34.25712203979492,18.497859954833984,30.470190048217773
2018-03-12,34.076866149902344,18.644290924072266,30.81460189819336
2018-03-13,33.646339416503906,18.37504768371582,30.563594818115234
2018-03-14,33.355812072753906,18.275842666625977,29.88063621520996
2018-03-15,33.2851448059082,18.011323928833008,30.02073860168457
2018-03-16,33.292999267578125,18.05855941772461,29.89815330505371
2018-03-19,32.50779342651367,17.874326705932617,29.256057739257812
2018-03-20,32.63341522216797,17.855432510375977,29.349451065063477
2018-03-21,33.17521667480469,17.9451904296875,29.232698440551758
2018-03-22,32.578460693359375,18.0538387298584,29.139307022094727
2018-03-23,32.350746154785156,18.176645278930664,29.279409408569336
2018-03-26,32.570613861083984,18.280563354492188,29.64129638671875
2018-03-27,31.7618350982666,18.05855941772461,29.28525161743164
2018-03-28,31.65976333618164,18.176645278930664,29.553747177124023
2018-03-29,32.21725845336914,18.658458709716797,29.95069694519043
2018-04-02,31.604785919189453,18.487464904785156,29.80763053894043
2018-04-03,31.188631057739258,18.694887161254883,29.52736473083496
2018-04-04,31.44775390625,18.533721923828125,29.720056533813477
2018-04-05,32.36643600463867,18.59090805053711,29.778446197509766
2018-04-06,31.94243621826172,18.533721923828125,29.92439842224121
2018-04-09,30.78031349182129,17.83188247680664,29.25876808166504
2018-04-10,30.411277770996094,17.982648849487305,29.404748916625977
2018-04-11,30.662538528442383,18.40375328063965,29.889373779296875
2018-04-12,30.58401870727539,18.071025848388672,30.152118682861328
2018-04-13,29.555387496948242,17.675914764404297,29.451454162597656
2018-04-16,28.50320816040039,17.29120445251465,29.01936912536621
2018-04-17,29.18634033203125,17.509559631347656,29.498180389404297
2018-04-18,29.853763580322266,18.09701919555664,30.058712005615234
2018-04-19,29.86948013305664,18.065828323364258,29.778446197509766
2018-04-20,29.539690017700195,17.811084747314453,29.714208602905273
2018-04-23,29.005739212036133,17.805879592895508,29.766759872436523
2018-04-24,28.723064422607422,17.83708381652832,29.620786666870117
2018-04-25,29.0999698638916,18.055431365966797,29.445621490478516
2018-04-26,29.327667236328125,18.055431365966797,30.128786087036133
2018-04-27,29.327667236328125,18.25298500061035,30.07039451599121
2018-04-30,28.817293167114258,17.972244262695312,29.784271240234375
2018-05-02,28.283348083496094,17.509559631347656,28.443845748901367
2018-05-03,27.482433319091797,17.150104522705078,27.883155822753906
2018-05-04,27.427467346191406,17.165712356567383,27.556079864501953
2018-05-07,27.396053314208984,17.009654998779297,27.596960067749023
2018-05-08,28.142009735107422,16.921220779418945,27.684574127197266
2018-05-09,29.327667236328125,17.056472778320312,27.772174835205078
2018-05-10,28.251930236816406,17.399784088134766,28.53145980834961
2018-05-11,28.11844825744629,17.087678909301758,28.075895309448242
2018-05-14,27.419614791870117,16.84319496154785,27.655364990234375
2018-05-15,26.673667907714844,16.744367599487305,27.55023956298828
2018-05-16,27.066267013549805,17.014867782592773,28.029170989990234
2018-05-17,25.8099308013916,16.307432174682617,26.563169479370117
2018-05-18,25.66858673095703,16.380247116088867,26.37627601623535
2018-05-21,25.056123733520508,16.14617156982422,26.014150619506836
2018-05-22,25.612611770629883,16.609127044677734,26.644943237304688
2018-05-23,25.059253692626953,16.172183990478516,26.14264488220215
2018-05-24,24.292449951171875,16.198184967041016,26.487245559692383
2018-05-25,23.78652572631836,15.875672340393066,26.253612518310547
2018-05-28,22.039491653442383,15.204656600952148,25.143901824951172
2018-05-29,22.537517547607422,15.26707935333252,25.05628204345703
2018-05-30,24.00787353515625,15.173441886901855,25.103010177612305
2018-06-01,24.23711585998535,15.542769432067871,25.60256004333496
2018-06-04,24.584941864013672,15.703595161437988,26.157611846923828
2018-06-05,23.019723892211914,14.948856353759766,25.345487594604492
2018-06-06,21.88138771057129,14.699021339416504,24.702795028686523
2018-06-07,21.00391960144043,14.43877124786377,23.984142303466797
2018-06-08,21.304317474365234,14.313849449157715,24.042570114135742
2018-06-11,20.60076141357422,14.043184280395508,23.347291946411133
2018-06-12,21.399333953857422,14.006752967834473,23.300548553466797
2018-06-13,21.010826110839844,13.720474243164062,23.072689056396484
2018-06-14,20.059391021728516,13.163533210754395,22.25471305847168
2018-06-15,19.821537017822266,13.3977632522583,22.47089385986328
2018-06-18,19.440967559814453,12.965742111206055,22.01517105102539
2018-06-19,20.804683685302734,13.63719367980957,23.0084228515625
2018-06-20,21.407258987426758,13.928671836853027,23.43492889404297
2018-06-21,20.62232780456543,13.350915908813477,22.80976676940918
2018-06-22,20.693681716918945,13.60596752166748,22.985050201416016
2018-06-25,21.296260833740234,13.585140228271484,23.03179359436035
2018-06-26,21.54997444152832,13.512271881103516,22.955833435058594
2018-06-27,21.105976104736328,13.293659210205078,22.541013717651367
2018-06-28,22.31905174255371,13.746500968933105,23.166170120239258
2018-06-29,22.71548080444336,14.001541137695312,23.569324493408203
2018-07-02,23.302194595336914,13.917520523071289,23.583927154541016
2018-07-03,23.508342742919922,14.562211036682129,24.139183044433594
2018-07-04,24.182273864746094,14.766798973083496,24.530790328979492
2018-07-05,23.619340896606445,14.73531723022461,24.37298011779785
2018-07-06,23.357698440551758,14.777280807495117,24.59508514404297
2018-07-10,23.159482955932617,14.5831937789917,24.659378051757812
2018-07-11,23.619340896606445,14.525489807128906,24.758745193481445
2018-07-12,24.071279525756836,14.95039176940918,25.2263240814209
2018-07-13,24.681777954101562,15.249403953552246,25.869260787963867
2018-07-16,24.412208557128906,15.317605018615723,25.775741577148438
2018-07-17,25.228853225708008,15.758241653442383,26.2608642578125
2018-07-18,25.07027816772461,15.370052337646484,25.927705764770508
2018-07-19,24.848278045654297,15.5641508102417,26.30177879333496
2018-07-20,26.1644287109375,16.10445785522461,27.049924850463867
2018-07-23,25.98999786376953,15.920859336853027,26.52971649169922
2018-07-24,26.19615364074707,16.156925201416016,26.51219367980957
2018-07-25,26.616357803344727,16.450687408447266,27.348003387451172
2018-07-26,25.752138137817383,16.031023025512695,26.915483474731445
2018-07-27,26.069286346435547,16.20937728881836,27.061607360839844
2018-07-30,26.07721519470215,16.330034255981445,27.453205108642578
2018-07-31,25.76799774169922,16.01528549194336,26.30177879333496
2018-08-01,26.140649795532227,16.225107192993164,26.632110595703125
2018-08-02,26.346786499023438,16.229825973510742,26.72566795349121
2018-08-03,27.139650344848633,16.84920883178711,27.36295509338379
2018-08-06,27.19514274597168,16.73372459411621,27.164175033569336
2018-08-07,26.616357803344727,16.481781005859375,27.000469207763672
2018-08-08,25.87107276916504,16.08810043334961,26.369007110595703
2018-08-09,26.64014434814453,15.920135498046875,26.228694915771484
2018-08-10,25.173351287841797,15.127547264099121,25.275663375854492
2018-08-13,25.29228401184082,15.42148208618164,25.474451065063477
2018-08-14,26.1644287109375,15.683929443359375,26.000673294067383
2018-08-15,25.609424591064453,15.494970321655273,25.825267791748047
2018-08-16,25.688716888427734,15.494970321655273,25.790184020996094
2018-08-17,24.784852981567383,15.022562026977539,25.129491806030273
2018-08-20,24.12677764892578,15.117037773132324,25.232728958129883
2018-08-21,23.16741371154785,14.749615669250488,24.906415939331055
2018-08-22,24.007402420043945,15.11179256439209,25.499710083007812
2018-08-23,23.399219512939453,14.733865737915039,24.508909225463867
2018-08-24,23.719308853149414,14.865094184875488,24.69283103942871
2018-08-27,24.447540283203125,15.264008522033691,25.511573791503906
2018-08-28,24.327499389648438,15.169536590576172,25.33358383178711
2018-08-29,24.823652267456055,15.353240966796875,25.75482940673828
2018-08-30,23.951383590698242,14.697118759155273,24.740297317504883
2018-08-31,24.08742332458496,14.896588325500488,25.078472137451172
2018-09-03,23.51925277709961,14.765357971191406,24.731271743774414
2018-09-04,22.919071197509766,14.433907508850098,24.517608642578125
2018-09-05,22.95907974243164,14.523207664489746,24.660051345825195
2018-09-06,23.471237182617188,14.938158988952637,25.283227920532227
2018-09-10,23.15113639831543,14.995929718017578,25.51469612121582
2018-09-11,22.10281753540039,14.544218063354492,24.636308670043945
2018-09-12,22.203542709350586,14.54947566986084,24.70753288269043
2018-09-13,21.906539916992188,14.491692543029785,24.571022033691406
2018-09-14,22.08314323425293,14.554723739624023,25.004289627075195
2018-09-17,22.837711334228516,14.969667434692383,25.597787857055664
2018-09-18,23.857175827026367,15.09048080444336,25.574050903320312
2018-09-19,23.616352081298828,15.158761024475098,25.75209617614746
2018-09-20,23.680578231811523,15.127243041992188,25.58591079711914
2018-09-21,24.547521591186523,15.368864059448242,26.01917266845703
2018-09-24,23.865205764770508,14.959165573120117,25.372262954711914
2018-09-25,23.720714569091797,14.969667434692383,25.431604385375977
2018-09-26,23.640439987182617,15.006431579589844,25.710554122924805
2018-09-27,24.314735412597656,15.347851753234863,26.41682243347168
2018-09-28,23.640439987182617,15.058965682983398,26.191287994384766
2018-10-01,22.645050048828125,14.890883445739746,25.89740562438965
2018-10-02,25.229848861694336,15.768105506896973,26.89483070373535
2018-10-03,27.517627716064453,16.451383590698242,28.11192512512207
2018-10-04,28.19192886352539,16.530231475830078,28.141611099243164
2018-10-05,28.689617156982422,16.283193588256836,28.046621322631836
2018-10-08,31.467058181762695,17.386959075927734,29.714929580688477
2018-10-09,31.30652618408203,17.45003318786621,29.56058120727539
2018-10-10,29.982019424438477,16.88238525390625,28.539398193359375
2018-10-11,29.86161231994629,16.782516479492188,28.20097541809082
2018-10-15,30.279033660888672,16.871868133544922,28.527517318725586
2018-10-16,31.603530883789062,17.676042556762695,29.66742706298828
2018-10-17,31.876462936401367,17.69706916809082,29.358699798583984
2018-10-18,31.50720977783203,17.208255767822266,28.485960006713867
2018-10-19,31.77210807800293,17.266075134277344,28.456270217895508
2018-10-22,31.988855361938477,17.4763126373291,28.871870040893555
2018-10-23,32.101226806640625,17.53938865661621,28.972795486450195
2018-10-24,31.386791229248047,17.118900299072266,28.21880340576172
2018-10-25,32.18952178955078,17.612966537475586,28.54532814025879
2018-10-26,34.0518684387207,17.91782569885254,29.079669952392578
2018-10-29,33.61036682128906,17.581436157226562,28.54532814025879
2018-10-30,34.59772872924805,18.26472282409668,29.382461547851562
2018-10-31,34.31676483154297,18.0281982421875,29.239967346191406
2018-11-01,34.822479248046875,19.058378219604492,29.658645629882812
2018-11-05,34.846580505371094,19.4680233001709,29.979351043701172
2018-11-06,34.092010498046875,19.25768280029297,30.169382095336914
2018-11-07,33.27322006225586,18.884294509887695,30.199098587036133
2018-11-08,32.590885162353516,18.489891052246094,29.783363342285156
2018-11-09,33.313358306884766,18.763349533081055,30.157514572143555
2018-11-12,33.85921859741211,18.74757194519043,30.240657806396484
2018-11-13,33.473899841308594,18.411014556884766,30.12783432006836
2018-11-14,33.530094146728516,18.66868782043457,30.389137268066406
2018-11-16,34.58969497680664,19.573200225830078,31.32747459411621
2018-11-19,35.40045928955078,19.489059448242188,31.309656143188477
2018-11-21,35.3201789855957,19.27345085144043,30.902843475341797
2018-11-22,36.02271270751953,19.352333068847656,30.831573486328125
2018-11-23,36.306358337402344,19.310258865356445,30.795957565307617
2018-11-26,35.66613006591797,19.031545639038086,30.288175582885742
2018-11-27,36.508968353271484,19.809844970703125,31.312625885009766
2018-11-28,37.08435821533203,20.214767456054688,32.09656524658203
2018-11-29,36.66293716430664,20.467195510864258,32.381622314453125
2018-11-30,36.16859436035156,20.225290298461914,32.08765411376953
2018-12-03,35.73908615112305,19.878206253051758,31.682151794433594
2018-12-04,35.38249969482422,19.825054168701172,31.646499633789062
2018-12-05,35.73908615112305,19.81452751159668,31.664325714111328
2018-12-06,35.957889556884766,20.030258178710938,31.949506759643555
2018-12-07,35.682342529296875,19.935548782348633,31.691055297851562
2018-12-10,34.63691711425781,19.55145835876465,30.844432830810547
2018-12-11,34.83952713012695,19.777706146240234,31.120698928833008
2018-12-12,34.933536529541016,19.90924644470215,31.334579467773438
2018-12-13,35.82760238647461,20.43537712097168,31.887126922607422
2018-12-14,35.8438606262207,20.20387840270996,31.655427932739258
2018-12-17,35.518741607666016,19.80927276611328,30.80877113342285
2018-12-18,35.60002136230469,20.17757225036621,31.30853271484375
2018-12-19,35.60002136230469,19.888195037841797,30.88956069946289
2018-12-20,35.82760238647461,19.993417739868164,30.880630493164062
2018-12-21,35.83573532104492,19.84083366394043,30.738000869750977
2018-12-26,36.07143783569336,19.637065887451172,30.06938934326172
2018-12-27,36.67289352416992,20.093114852905273,30.577526092529297
2018-12-28,37.78641891479492,20.736961364746094,31.65708351135254
2019-01-02,39.50139236450195,21.670515060424805,33.00864791870117
2019-01-03,39.66395950317383,21.890052795410156,33.5528450012207
2019-01-04,39.66395950317383,21.71828269958496,32.990814208984375
2019-01-07,39.40385818481445,21.97594451904297,33.053260803222656
2019-01-08,38.95682907104492,22.11012840270996,33.47254943847656
2019-01-09,38.85116958618164,22.491254806518555,33.9810791015625
2019-01-10,39.42011642456055,22.421464920043945,33.749114990234375
2019-01-11,39.58267593383789,22.27653694152832,33.54391098022461
2019-01-14,40.50111389160156,22.53956413269043,33.793731689453125
2019-01-15,40.02969741821289,22.496618270874023,33.26737976074219
2019-01-16,39.647701263427734,22.603979110717773,33.16923141479492
2019-01-17,39.79398727416992,22.679126739501953,33.16923141479492
2019-01-18,39.46075439453125,22.909944534301758,33.597450256347656
2019-01-21,39.249427795410156,22.64691925048828,33.320892333984375
2019-01-22,39.17628479003906,22.544931411743164,33.26737976074219
2019-01-23,39.98905563354492,22.931413650512695,33.49040603637695
2019-01-24,39.78586959838867,23.162235260009766,33.44579315185547
2019-01-28,39.27382278442383,23.350112915039062,34.04350662231445
2019-01-29,40.58240509033203,23.049509048461914,33.793731689453125
2019-01-30,41.110713958740234,22.995826721191406,34.007816314697266
2019-01-31,42.15107345581055,24.294851303100586,34.59661865234375
2019-02-01,42.35426712036133,23.9942569732666,34.63679122924805
2019-02-04,43.1589241027832,24.525341033935547,35.42216110229492
2019-02-05,44.418739318847656,24.536081314086914,33.91389465332031
2019-02-06,41.7121696472168,23.38150405883789,32.48593521118164
2019-02-07,41.98851776123047,23.735925674438477,32.601951599121094
2019-02-08,42.045413970947266,23.988327026367188,33.2980842590332
2019-02-11,40.801849365234375,23.84870147705078,32.92324447631836
2019-02-12,43.31336212158203,24.326642990112305,33.7086296081543
2019-02-13,42.32988739013672,23.95073699951172,32.941097259521484
2019-02-14,44.491905212402344,24.8636531829834,33.81571960449219
2019-02-15,44.548797607421875,24.70254898071289,33.46766662597656
2019-02-18,44.109893798828125,24.13868522644043,32.93218231201172
2019-02-19,44.29682540893555,24.342756271362305,33.69077682495117
2019-02-20,43.04513168334961,23.93999671936035,33.262386322021484
2019-02-21,43.240203857421875,24.149431228637695,33.869266510009766
2019-02-22,43.63628387451172,23.95073699951172,33.64962387084961
2019-02-25,42.921207427978516,23.709083557128906,33.13560485839844
2019-02-26,43.15135192871094,24.133323669433594,33.25495147705078
2019-02-27,42.65818786621094,23.86480712890625,32.96120834350586
2019-02-28,41.58967590332031,23.236507415771484,32.3370475769043
2019-03-01,42.173255920410156,22.849857330322266,31.992691040039062
2019-03-06,41.61433792114258,22.677391052246094,32.001888275146484
2019-03-07,41.93224334716797,22.83856773376465,32.442657470703125
2019-03-08,43.40398406982422,23.15554428100586,32.82831954956055
2019-03-11,44.734371185302734,24.09573745727539,33.9027099609375
2019-03-12,44.4809684753418,24.16558074951172,33.97616958618164
2019-03-13,45.16477966308594,24.396596908569336,34.343475341796875
2019-03-14,44.82286834716797,24.450313568115234,33.80170440673828
2019-03-15,45.20646667480469,24.55239486694336,33.792510986328125
2019-03-18,44.864566802978516,24.681337356567383,33.84761047363281
2019-03-19,43.90557861328125,24.14945411682129,33.05788803100586
2019-03-20,42.92154312133789,23.4940185546875,32.3140983581543
2019-03-21,42.020912170410156,22.97825050354004,31.744752883911133
2019-03-22,39.736000061035156,22.16699981689453,30.808122634887695
2019-03-25,40.019527435302734,22.21535873413086,30.854019165039062
2019-03-26,40.96185302734375,22.360410690307617,31.175426483154297
2019-03-27,38.693599700927734,21.58676528930664,30.11940574645996
2019-03-28,40.04453659057617,22.68276596069336,31.313167572021484
2019-03-29,40.62828063964844,23.069581985473633,31.616199493408203
2019-04-01,41.028560638427734,23.2544002532959,31.381925582885742
2019-04-02,40.669986724853516,22.95701026916504,30.885847091674805
2019-04-03,40.23634338378906,22.698997497558594,30.610248565673828
2019-04-04,40.72000503540039,23.28598976135254,31.069576263427734
2019-04-05,40.95351791381836,23.479501724243164,31.740224838256836
2019-04-08,41.02022171020508,23.511756896972656,31.547306060791016
2019-04-09,40.40312194824219,23.421445846557617,31.37274932861328
2019-04-10,40.703346252441406,23.08602523803711,31.317626953125
2019-04-11,40.319732666015625,22.71836280822754,30.591876983642578
2019-04-12,38.96880340576172,22.511943817138672,30.270353317260742
2019-04-15,39.07720184326172,22.460338592529297,30.25196647644043
2019-04-16,39.88610076904297,22.4216365814209,30.224407196044922
2019-04-17,39.36073684692383,22.112014770507812,29.755874633789062
2019-04-18,40.7366943359375,22.41518783569336,30.160093307495117
2019-04-22,40.3113899230957,22.602249145507812,30.07741355895996
2019-04-23,41.120296478271484,23.150529861450195,30.463266372680664
2019-04-24,40.286376953125,22.995718002319336,30.509187698364258
2019-04-25,40.94517135620117,23.266639709472656,30.977725982666016
2019-04-26,41.15365219116211,23.195682525634766,31.05121421813965
2019-04-29,41.170326232910156,22.892507553100586,30.803165435791016
2019-04-30,41.428836822509766,22.95056915283203,31.078773498535156
2019-05-02,41.52056884765625,22.963472366333008,31.285558700561523
2019-05-03,41.76240921020508,23.20805549621582,30.98227882385254
2019-05-06,41.170326232910156,22.582033157348633,30.302162170410156
2019-05-07,41.2703971862793,22.440034866333008,29.962087631225586
2019-05-08,42.187705993652344,22.904726028442383,30.302162170410156
2019-05-09,42.55462646484375,22.504579544067383,29.925331115722656
2019-05-10,41.82910919189453,22.304513931274414,29.7874698638916
2019-05-13,40.3364143371582,21.749483108520508,29.318723678588867
2019-05-14,39.94447708129883,21.684946060180664,29.180870056152344
2019-05-15,39.285675048828125,21.452606201171875,29.27277946472168
2019-05-16,38.0598258972168,21.200902938842773,28.89594841003418
2019-05-17,37.40104675292969,21.362255096435547,28.951101303100586
2019-05-20,38.835384368896484,21.943098068237305,29.70474624633789
2019-05-21,41.053585052490234,22.84663200378418,30.853595733642578
2019-05-22,41.057647705078125,22.440034866333008,30.88115692138672
2019-05-23,41.124935150146484,22.330326080322266,30.816829681396484
2019-05-24,41.73044967651367,22.11089515686035,30.357295989990234
2019-05-27,42.54622268676758,22.427133560180664,30.467575073242188
2019-05-28,43.101280212402344,23.046709060668945,31.322330474853516
2019-05-29,43.05922317504883,23.504932403564453,31.910552978515625
2019-05-30,43.68999099731445,23.93733787536621,32.24141311645508
2019-05-31,43.60587692260742,23.87925148010254,32.167884826660156
2019-06-03,43.80772018432617,23.80181121826172,32.25522994995117
2019-06-04,44.5225715637207,23.923831939697266,32.20005416870117
2019-06-05,43.294708251953125,23.555770874023438,31.574827194213867
2019-06-06,44.396427154541016,24.072345733642578,31.905847549438477
2019-06-07,44.034793853759766,24.078800201416016,32.246036529541016
2019-06-10,43.62269973754883,23.7946834564209,31.841472625732422
2019-06-11,44.488929748535156,23.904460906982422,31.997777938842773
2019-06-12,44.0932731628418,23.62680435180664,31.81388282775879
2019-06-13,43.392974853515625,23.368515014648438,31.243804931640625
2019-06-14,42.62517547607422,23.329771041870117,31.25301742553711
2019-06-17,42.58298873901367,23.27165412902832,31.216224670410156
2019-06-18,43.57859420776367,23.471830368041992,32.02535629272461
2019-06-19,44.2957649230957,23.76240348815918,32.53107833862305
2019-06-21,44.64169692993164,24.29833984375,33.266666412353516
2019-06-24,44.751373291015625,24.49205780029297,33.19310760498047
2019-06-25,44.33794403076172,24.28543472290039,32.77934265136719
2019-06-26,45.299800872802734,24.58892059326172,33.56089782714844
2019-06-27,45.392608642578125,24.47268295288086,33.331024169921875
2019-06-28,45.5107307434082,24.36937713623047,33.340213775634766
2019-07-01,45.460105895996094,24.421152114868164,33.188446044921875
2019-07-02,44.8779411315918,24.49840545654297,33.06886672973633
2019-07-03,45.81446838378906,24.933443069458008,33.63917922973633
2019-07-04,46.55695343017578,25.36848258972168,34.02552032470703
2019-07-05,46.405086517333984,25.589248657226562,34.40266799926758
2019-07-08,46.36289978027344,25.472366333007812,34.3106689453125
2019-07-10,45.780723571777344,25.355493545532227,34.21868896484375
2019-07-11,44.886375427246094,25.141220092773438,34.172698974609375
2019-07-12,43.8739013671875,24.673721313476562,33.53797912597656
2019-07-15,43.61233901977539,24.569828033447266,33.44600296020508
2019-07-16,43.67984390258789,24.57632064819336,33.57478332519531
2019-07-17,43.68827438354492,24.44646453857422,33.4827995300293
2019-07-18,44.430763244628906,24.978893280029297,34.37506866455078
2019-07-19,43.8739013671875,24.413999557495117,33.4827995300293
2019-07-22,43.88232421875,24.75164031982422,34.05311584472656
2019-07-23,43.36766052246094,24.836044311523438,34.38425064086914
2019-07-24,44.1523323059082,25.303552627563477,34.35666275024414
2019-07-25,42.287681579589844,23.829620361328125,33.2988166809082
2019-07-26,42.186439514160156,23.524442672729492,33.8967399597168
2019-07-29,42.56611251831055,23.472503662109375,34.03470993041992
2019-07-30,42.13581085205078,22.985517501831055,32.90330123901367
2019-07-31,41.52833938598633,22.401134490966797,32.02942657470703
2019-08-01,41.13178253173828,22.20635223388672,32.098445892333984
2019-08-02,41.140220642089844,22.270652770996094,32.14445114135742
2019-08-05,40.37242126464844,21.867855072021484,31.702726364135742
2019-08-06,40.92084503173828,22.199190139770508,32.65980529785156
2019-08-07,40.878658294677734,22.66695213317871,33.865318298339844
2019-08-08,41.1739616394043,22.777385711669922,34.049373626708984
2019-08-09,41.04740524291992,22.400583267211914,33.791717529296875
2019-08-12,39.65526580810547,21.93282127380371,32.392921447753906
2019-08-13,40.11930465698242,22.153711318969727,33.02790069580078
2019-08-14,38.71871566772461,21.71843147277832,32.3008918762207
2019-08-15,38.684967041015625,21.56900405883789,32.2088623046875
2019-08-16,38.583717346191406,21.614477157592773,32.11313247680664
2019-08-19,37.82435989379883,21.302635192871094,31.972909927368164
2019-08-20,37.79061508178711,21.09474754333496,31.617639541625977
2019-08-21,39.950557708740234,21.510540008544922,31.8607177734375
2019-08-22,39.734352111816406,21.231176376342773,31.355878829956055
2019-08-23,38.28635787963867,20.769912719726562,30.99127960205078
2019-08-26,38.10749816894531,20.55552864074707,30.9819393157959
2019-08-27,37.80086135864258,20.815393447875977,31.34653091430664
2019-08-28,37.48570251464844,20.691951751708984,31.7017822265625
2019-08-29,38.397098541259766,21.081756591796875,31.870071411132812
2019-08-30,39.38512420654297,21.40658950805664,31.729825973510742
2019-09-02,38.882591247558594,21.185701370239258,31.332340240478516
2019-09-03,38.158599853515625,20.84051513671875,30.73375129699707
2019-09-04,39.06146240234375,21.10053253173828,30.94887924194336
2019-09-05,40.42426681518555,21.58806037902832,31.828048706054688
2019-09-06,42.068145751953125,22.49163055419922,32.89427185058594
2019-09-09,42.58772277832031,22.777658462524414,33.69862747192383
2019-09-10,41.87224578857422,22.374616622924805,33.04393768310547
2019-09-11,40.875701904296875,22.277111053466797,32.89427185058594
2019-09-12,41.08364486694336,22.036590576171875,33.10005569458008
2019-09-13,40.34756851196289,21.750574111938477,33.54897689819336
2019-09-16,39.92817306518555,21.46455192565918,32.950382232666016
2019-09-17,40.48450469970703,22.036590576171875,33.07198715209961
2019-09-18,41.100765228271484,22.101604461669922,32.96910095214844
2019-09-19,40.03087615966797,21.835084915161133,32.41728210449219
2019-09-20,40.664249420166016,22.218610763549805,32.5014533996582
2019-09-23,40.467384338378906,22.264110565185547,32.39856719970703
2019-09-24,39.234886169433594,21.978086471557617,32.061866760253906
2019-09-25,38.978111267089844,22.121105194091797,32.43598556518555
2019-09-26,39.12361526489258,22.439626693725586,33.37129211425781
2019-09-27,38.806922912597656,22.426620483398438,33.23099136352539
2019-09-30,38.9353141784668,22.049598693847656,32.76334762573242
2019-10-01,38.47311782836914,21.750574111938477,32.019474029541016
2019-10-02,37.16358184814453,20.910863876342773,31.139896392822266
2019-10-03,38.76412582397461,20.969406127929688,31.14927101135254
2019-10-04,39.02946090698242,21.184049606323242,31.29899024963379
2019-10-07,37.48882293701172,21.047456741333008,30.718843460083008
2019-10-08,36.812652587890625,21.027942657470703,30.587844848632812
2019-10-09,37.8311882019043,21.626327514648438,31.07440757751465
2019-10-10,38.002376556396484,21.873485565185547,31.29899024963379
2019-10-11,38.71277618408203,22.120647430419922,31.701311111450195
2019-10-14,38.51592254638672,22.432846069335938,32.23466873168945
2019-10-15,37.985252380371094,22.61495590209961,32.159812927246094
2019-10-16,38.51592254638672,23.15480613708496,32.618289947509766
2019-10-17,38.438880920410156,22.764558792114258,32.42182159423828
2019-10-18,39.42318344116211,22.652942657470703,32.03816604614258
2019-10-21,39.71419143676758,22.813840866088867,32.56216049194336
2019-10-22,40.57009506225586,23.464139938354492,33.57270812988281
2019-10-23,40.74128341674805,23.665254592895508,34.049922943115234
2019-10-24,40.48450469970703,23.63843536376953,34.208980560302734
2019-10-25,40.852542877197266,23.94682502746582,34.43355178833008
2019-10-28,41.75981521606445,24.811647415161133,34.901397705078125
2019-10-29,41.64855194091797,24.469736099243164,34.283843994140625
2019-10-30,42.299034118652344,24.583709716796875,34.499046325683594
2019-10-31,41.212032318115234,23.57809829711914,33.90018844604492
2019-11-01,41.04941177368164,23.376983642578125,34.02657699584961
2019-11-04,40.81830978393555,23.40312385559082,34.13890075683594
2019-11-05,41.07508850097656,23.718387603759766,34.7286491394043
2019-11-06,40.80119323730469,23.5909366607666,34.260597229003906
2019-11-07,40.80119323730469,23.651308059692383,34.46653366088867
2019-11-08,40.227745056152344,22.967124938964844,33.95169448852539
2019-11-11,40.43315124511719,22.91346549987793,34.10144805908203
2019-11-12,39.98808288574219,22.698820114135742,33.521095275878906
2019-11-13,39.329036712646484,22.46404457092285,33.18409729003906
2019-11-14,39.8083381652832,22.370145797729492,33.3994026184082
2019-11-18,39.82545852661133,22.222564697265625,33.2496337890625
2019-11-19,39.19208908081055,22.182321548461914,32.88456344604492
2019-11-21,39.69707107543945,22.309772491455078,33.2215461730957
2019-11-22,40.33119201660156,22.67869758605957,33.44620895385742
2019-11-25,40.2017822265625,22.564668655395508,32.96881866455078
2019-11-26,39.68416213989258,22.081703186035156,32.294822692871094
2019-11-27,40.84019470214844,22.450634002685547,32.48204040527344
2019-11-28,41.06449508666992,22.27623748779297,32.38843536376953
2019-11-29,41.24565887451172,22.38355255126953,32.575653076171875
2019-12-02,40.917823791503906,22.531129837036133,33.039215087890625
2019-12-03,41.74601745605469,22.610973358154297,33.048580169677734
2019-12-04,42.349910736083984,23.194873809814453,34.23792266845703
2019-12-05,41.987579345703125,23.28883171081543,34.19108581542969
2019-12-06,41.815040588378906,23.027088165283203,33.572998046875
2019-12-09,41.94444274902344,23.221725463867188,34.228538513183594
2019-12-10,41.340545654296875,23.14118194580078,33.73222351074219
2019-12-11,41.2801628112793,23.006948471069336,33.33888244628906
2019-12-12,42.35054397583008,23.315683364868164,33.32951736450195
2019-12-13,42.021507263183594,23.862171173095703,34.03971481323242
2019-12-16,41.45001983642578,23.443904876708984,33.26161193847656
2019-12-17,42.385189056396484,23.87588882446289,33.767845153808594
2019-12-18,43.84852981567383,24.541013717651367,34.19908905029297
2019-12-19,44.29879379272461,24.993576049804688,34.367828369140625
2019-12-20,44.21220779418945,24.849945068359375,34.21784591674805
2019-12-23,45.54567337036133,25.003124237060547,34.53657913208008
2019-12-26,46.06520462036133,25.31644630432129,35.061561584472656
2019-12-27,45.866050720214844,25.218965530395508,34.967811584472656
2019-12-30,45.73616027832031,25.184154510498047,34.780330657958984
